user_id,segment,ab_group,drop,activacion,setup,habito_calc
MLB410390720050,2,treatment,0,1,1,1
MLB2031141160,1,treatment,0,1,0,0
MLB6493787800,1,treatment,0,1,1,0
MLB10564105150,1,treatment,0,1,1,0
MLB7776748210,1,treatment,0,1,0,0
MLB2274734870,1,treatment,0,1,1,0
MLB10263203860,1,treatment,0,1,1,0
MLB10610750720,1,treatment,0,1,0,0
MLB4854341820,1,treatment,0,1,1,0
MLB410589300770,2,treatment,0,1,1,1
MLB410523151730,2,treatment,0,1,1,1
MLB410554685650,2,treatment,0,0,0,0
MLB10634012110-1,1,treatment,0,1,0,0
MLB410654234110,2,treatment,0,1,1,1
MLB10510053700,1,treatment,0,1,1,0
MLB10510676150,1,treatment,0,1,1,0
MLB10602296700,1,treatment,0,1,1,0
MLB2077770500,1,treatment,0,1,1,0
MLB7070718290,1,treatment,0,1,1,0
MLB10545288920,1,treatment,0,1,1,0
MLB10386282070,1,treatment,0,1,0,0
MLB2698910180,1,treatment,0,1,1,0
MLB10562323840,1,treatment,0,1,1,0
MLB10373046420,1,treatment,0,1,1,0
MLB10592033580,1,treatment,0,1,1,0
MLB10619670770,1,treatment,0,1,1,0
MLB10657529160,1,treatment,0,1,1,0
MLB10561424890-1,1,treatment,0,1,1,0
MLB10483804640,1,treatment,0,1,1,0
MLB10637686740,1,treatment,0,1,1,0
MLB10478652450,1,treatment,0,1,1,0
MLB10548843880,1,control,0,1,0,0
MLB10644538370,1,treatment,0,1,1,0
MLB5881267190,1,treatment,0,1,1,0
MLB10608048410,1,treatment,1,1,0,0
MLB767890190,1,treatment,0,1,1,0
MLB10630768550,1,treatment,0,1,0,0
MLB44506362280,2,treatment,0,1,0,1
MLB10524272840-1,1,treatment,0,1,1,0
MLB767890190,1,treatment,0,1,1,0
MLB10505012520,1,treatment,0,1,1,0
MLB10564649840,1,control,0,1,1,0
MLB42274271190,2,treatment,0,1,1,1
MLB10647858090,1,treatment,0,1,1,0
MLB2043280950,1,treatment,0,1,1,0
MLB10609284680,1,treatment,0,1,1,0
MLB10647858090,1,treatment,0,1,1,0
MLB10589794890-1,1,treatment,0,1,1,0
MLB2304028850,1,treatment,0,1,1,0
MLB10605436550,1,treatment,0,1,1,0
MLB4724885570,1,treatment,0,1,1,0
MLB2944987270,1,treatment,0,1,1,0
MLB10549266970,1,treatment,0,1,1,0
MLB410620325410,2,treatment,0,1,1,1
MLB5326872580,1,treatment,0,1,1,0
MLB410610492810,2,treatment,0,1,1,1
MLB6173001750,1,treatment,0,1,0,0
MLB10614454400,1,treatment,0,1,1,0
MLB410591053650,2,control,0,1,1,1
MLB8162230670,1,treatment,0,1,1,0
MLB410509231250,2,control,0,1,1,1
MLB48071221400,2,treatment,0,1,1,1
MLB10561963770,1,treatment,0,1,0,0
MLB2019472930,1,treatment,0,1,1,0
MLB6384745530,1,treatment,0,1,1,0
MLB10538179450,1,treatment,0,1,1,0
MLB10636196380,1,treatment,0,1,1,0
MLB43229038590,2,treatment,0,1,0,1
MLB604591980,1,treatment,0,1,1,0
MLB10542524060,1,treatment,0,1,1,0
MLB10509701870,1,control,0,1,1,0
MLB10606144850,1,treatment,0,1,1,0
MLB410575022570,2,treatment,0,1,1,1
MLB10550462220,1,treatment,0,1,1,0
MLB10552333880,1,treatment,0,1,1,0
MLB10466978880,1,treatment,0,1,0,0
MLB3678841980,1,treatment,0,1,0,0
MLB1774346640,1,treatment,0,1,0,0
MLB10545160030,1,treatment,0,1,1,0
MLB10657339340,1,treatment,0,1,1,0
MLB10642706010,1,treatment,0,1,1,0
MLB3678841980,1,treatment,0,1,0,0
MLB3999980600,1,treatment,0,1,1,0
MLB49172304010,2,treatment,0,1,0,1
MLB43651245910,2,treatment,0,1,1,1
MLB410635055620,2,treatment,0,1,1,1
MLB10635752700,1,treatment,0,1,1,0
MLB410465471180,2,treatment,0,1,1,1
MLB10502754370,1,treatment,0,1,1,0
MLB2332376080,1,treatment,0,1,1,0
MLB7466058650,1,treatment,0,1,1,0
MLB7050217280,1,treatment,0,1,1,0
MLB42249026390,2,treatment,0,1,1,1
MLB10628770170,1,treatment,0,1,0,0
MLB10568277590,1,treatment,0,1,0,0
MLB2026375510,1,treatment,0,1,1,0
MLB7073188830,1,treatment,0,1,1,0
MLB10495482340,1,treatment,0,1,1,0
MLB1336630660,1,treatment,0,1,0,0
MLB10512448030,1,treatment,0,1,1,0
MLB10638994850,1,treatment,0,1,1,0
MLB6772524520,1,treatment,0,1,0,0
MLB10532693050,1,treatment,0,1,0,0
MLB7069928560,1,treatment,0,1,1,0
MLB5836462190,1,treatment,0,1,1,0
MLB825409520,1,treatment,1,1,1,0
MLB10416154500,1,treatment,0,1,1,0
MLB410534705450,2,treatment,0,1,1,1
MLB10657067200,1,treatment,0,1,1,0
MLB10504436190,1,treatment,0,1,1,0
MLB48035171870,2,treatment,0,1,1,1
MLB2232509520,1,treatment,0,1,1,0
MLB47813965430,2,control,0,1,1,1
MLB44941261340,2,treatment,0,1,1,1
MLB10437735030,1,treatment,0,1,1,0
MLB603464020,1,treatment,0,1,1,0
MLB42642162970,2,treatment,0,1,1,1
MLB6381911920,1,treatment,0,1,1,0
MLB6462219720,1,treatment,0,1,1,0
MLB10565586390,1,treatment,0,1,1,0
MLB6784784420,1,treatment,0,1,0,0
MLB4458235020,1,treatment,0,1,1,0
MLB10502033570,1,control,0,1,1,0
MLB8035171870,1,control,0,1,1,0
MLB8035171870,1,control,0,1,1,0
MLB8035171870,1,treatment,0,1,1,0
MLB8035171870,1,treatment,0,1,1,0
MLB1953691220,1,treatment,0,1,1,0
MLB1100088870,1,treatment,0,1,1,0
MLB10063000160,1,treatment,0,1,1,0
MLB410532389620,2,treatment,0,1,1,1
MLB3874290870,1,treatment,0,1,0,0
MLB2600561820,1,treatment,0,1,1,0
MLB10532389620,1,treatment,0,1,1,0
MLB410656997810,2,treatment,0,1,0,1
MLB10187020580,1,control,0,1,1,0
MLB10510291510,1,treatment,0,1,1,0
MLB10572010480,1,treatment,0,1,1,0
MLB2829289380,1,treatment,0,1,0,0
MLB1662089410,1,treatment,0,1,0,0
MLB10525913140,1,treatment,0,1,1,0
MLB10525913140,1,treatment,0,1,1,0
MLB10595880640-1,1,treatment,0,1,1,0
MLB10617979960,1,treatment,0,1,1,0
MLB10601774330,1,treatment,0,1,1,0
MLB2592894450,1,treatment,0,1,0,0
MLB10525913140,1,control,0,1,1,0
MLB10525913140,1,control,0,1,1,0
MLB8343293060,1,treatment,0,1,1,0
MLB3973529690,1,treatment,0,1,1,0
MLB10520212480,1,treatment,0,1,1,0
MLB41291948010,2,treatment,0,1,1,1
MLB4773716710,1,treatment,0,1,1,0
MLB5312858210,1,treatment,0,1,1,0
MLB410653897690,2,treatment,0,1,1,1
MLB5661699300,1,treatment,0,1,1,0
MLB10646628230,1,treatment,0,1,1,0
MLB7138966160,1,treatment,0,1,0,0
MLB7664001470,1,treatment,0,1,0,0
MLB10646628230,1,treatment,0,1,1,0
MLB410585675640,2,control,0,1,1,1
MLB1047493980,1,treatment,0,1,1,0
MLB1353852630,1,treatment,0,1,1,0
MLB10610619450,1,treatment,0,1,1,0
MLB7465550630,1,treatment,0,1,1,0
MLB6603636280,1,treatment,0,1,0,0
MLB2462336030,1,treatment,0,1,1,0
MLB4743930770,1,treatment,0,1,0,0
MLB41735665390,2,treatment,0,1,1,1
MLB7608286360,1,treatment,0,1,1,0
MLB410628039270,2,treatment,0,1,1,1
MLB7794815230,1,treatment,0,1,1,0
MLB410552253500,2,treatment,0,1,1,1
MLB3325912000,1,treatment,0,1,0,0
MLB3229038590-1,1,treatment,0,1,0,0
MLB512906040,1,treatment,0,1,1,0
MLB1117678380,1,treatment,0,1,1,0
MLB10516073750,1,treatment,0,1,1,0
MLB10607446150,1,treatment,0,1,1,0
MLB10638091090,1,control,0,1,1,0
MLB2472393900,1,treatment,0,1,1,0
MLB410229951120,2,treatment,0,1,1,1
MLB2618160800,1,treatment,0,1,1,0
MLB10523141070,1,treatment,0,1,1,0
MLB42618122800,2,treatment,0,1,1,1
MLB10641420010,1,treatment,0,1,1,0
MLB8186171120-1,1,treatment,0,1,1,0
MLB10561424890,1,treatment,0,1,1,0
MLB10610187440,1,control,0,1,1,0
MLB10618708310,1,treatment,0,1,1,0
MLB3350248620-1,1,treatment,0,1,0,0
MLB10573875410,1,treatment,0,1,1,0
MLB10628716480,1,treatment,0,1,1,0
MLB10573875410,1,treatment,0,1,1,0
MLB7679060870,1,treatment,0,1,1,0
MLB410664369300,2,treatment,0,1,1,1
MLB1515058050,1,treatment,0,1,1,0
MLB4506362280-1,1,treatment,0,1,0,0
MLB10564914630,1,treatment,0,1,1,0
MLB1739682480-1,1,treatment,0,1,1,0
MLB5407711220-1,1,treatment,0,1,1,0
MLB6887848060,1,treatment,0,1,1,0
MLB10591935990,1,treatment,0,1,1,0
MLB2281100950,1,treatment,0,1,1,0
MLB3159415620,1,treatment,0,1,1,0
MLB10531272000,1,treatment,0,1,1,0
MLB10583866400,1,treatment,0,1,1,0
MLB10603665220,1,treatment,0,1,1,0
MLB43900192200,2,treatment,0,1,1,1
MLB10619766900,1,treatment,0,1,1,0
MLB10542856680,1,treatment,0,1,0,0
MLB10561286540,1,treatment,0,1,1,0
MLB8141537210,1,treatment,0,1,1,0
MLB10524294850,1,treatment,0,1,1,0
MLB10525651760,1,treatment,0,1,1,0
MLB49130873220,2,treatment,0,1,0,1
MLB10602082490,1,treatment,0,1,0,0
MLB10589857660,1,treatment,0,1,1,0
MLB410613052850,2,treatment,0,1,1,1
MLB5412548200,1,treatment,0,1,1,0
MLB10564667650,1,treatment,0,1,1,0
MLB2156525820,1,treatment,0,1,1,0
MLB10635797420,1,treatment,0,1,1,0
MLB10613507160,1,treatment,0,1,1,0
MLB816347280,1,treatment,0,1,1,0
MLB10554685650,1,treatment,0,0,0,0
MLB410525913140,2,treatment,0,1,1,1
MLB10604723400,1,treatment,0,1,1,0
MLB10565566760,1,treatment,0,1,1,0
MLB10642761620,1,treatment,0,1,1,0
MLB10572759130,1,treatment,0,1,1,0
MLB1616778190,1,treatment,0,1,0,0
MLB4321634480,1,treatment,0,1,0,0
MLB10118139040,1,treatment,0,1,1,0
MLB41667030770,2,treatment,0,1,1,1
MLB10662071510,1,treatment,0,1,1,0
MLB10513469680,1,treatment,0,1,0,0
MLB10118139040,1,treatment,0,1,1,0
MLB7151492240,1,treatment,0,1,1,0
MLB10537092670,1,treatment,0,1,1,0
MLB10656997810,1,treatment,0,1,0,0
MLB10586033980,1,treatment,0,1,1,0
MLB49100997122,2,treatment,0,1,1,1
MLB10626118480,1,treatment,0,1,1,0
MLB410494418500,2,treatment,0,1,1,1
MLB5789325990,1,treatment,0,1,0,0
MLB10515966100,1,treatment,0,1,1,0
MLB1739682480,1,treatment,0,1,1,0
MLB7841433660,1,treatment,0,1,0,0
MLB10034591010,1,treatment,0,1,1,0
MLB10600132290,1,treatment,0,1,1,0
MLB10491198860,1,treatment,0,1,1,0
MLB10620381100,1,treatment,0,1,1,0
MLB2754557140,1,treatment,0,1,1,0
MLB10521329980,1,treatment,0,1,1,0
MLB7624135420,1,treatment,0,1,1,0
MLB7624135420,1,treatment,0,1,1,0
MLB6116729420,1,treatment,0,1,1,0
MLB10635680280,1,treatment,0,1,1,0
MLB10638402250,1,treatment,0,1,1,0
MLB10630859300,1,treatment,0,1,1,0
MLB410596502300,2,treatment,0,1,1,1
MLB10610419360,1,treatment,0,1,1,0
MLB3657945910-1,1,treatment,0,1,1,0
MLB7486001210,1,treatment,0,1,1,0
MLB410525553520,2,treatment,0,1,1,1
MLB10519204540,1,treatment,0,1,1,0
MLB10003554750,1,treatment,0,1,1,0
MLB4735384670,1,treatment,0,1,0,0
MLB1593511240,1,treatment,0,1,0,0
MLB10455904480,1,treatment,0,1,1,0
MLB2385232970,1,treatment,0,1,0,0
MLB8295268290,1,treatment,0,1,1,0
MLB46629202050,2,treatment,0,1,1,1
MLB10635942760-1,1,treatment,0,1,0,0
MLB10549035390,1,treatment,0,1,1,0
MLB10596502300,1,control,0,1,1,0
MLB10596502300,1,control,0,1,1,0
MLB10625587100,1,treatment,0,1,1,0
MLB10589263600,1,treatment,0,1,1,0
MLB7684629760,1,treatment,0,1,1,0
MLB2071897260,1,treatment,0,1,1,0
MLB410562598730,2,treatment,0,1,1,1
MLB410597669130,2,treatment,0,1,1,1
MLB1331323180,1,control,0,1,0,0
MLB10535825280,1,treatment,0,1,1,0
MLB10596502300,1,treatment,0,1,1,0
MLB10596502300,1,treatment,0,1,1,0
MLB10595880640,1,treatment,0,1,1,0
MLB3198268210,1,treatment,0,1,1,0
MLB10535825280,1,treatment,0,1,1,0
MLB7188185610,1,treatment,0,1,0,0
MLB10510812690,1,treatment,0,1,1,0
MLB7582100540,1,treatment,0,1,1,0
MLB410495770230,2,treatment,0,1,1,1
MLB10653897690,1,treatment,0,1,1,0
MLB10423325940,1,treatment,0,1,1,0
MLB10533862970,1,treatment,0,1,1,0
MLB4143325700,1,treatment,0,1,1,0
MLB10571240970,1,treatment,0,1,1,0
MLB47512492422,2,treatment,0,1,1,1
MLB44818127630,2,treatment,0,1,1,1
MLB4818127630,1,treatment,0,1,1,0
MLB7710157500,1,treatment,0,1,1,0
MLB7684629760-1,1,treatment,0,1,1,0
MLB10605571010,1,treatment,0,1,1,0
MLB1045529450,1,treatment,0,1,0,0
MLB410569013910,2,treatment,0,1,1,1
MLB10600039960,1,treatment,0,1,1,0
MLB10523151730,1,treatment,0,1,1,0
MLB10648848950,1,treatment,0,1,1,0
MLB10615117410,1,treatment,0,1,1,0
MLB10523151730,1,treatment,0,1,1,0
MLB10563962280,1,treatment,0,1,1,0
MLB10465471180-1,1,treatment,0,1,1,0
MLB10568129780,1,treatment,0,1,1,0
MLB10554636740-1,1,treatment,0,1,0,0
MLB47382891700,2,treatment,0,1,1,1
MLB410534650390,2,treatment,0,1,1,1
MLB10636294870,1,treatment,0,1,1,0
MLB6723546010,1,treatment,0,1,1,0
MLB7616885720,1,treatment,0,1,0,0
MLB7616885720,1,treatment,0,1,0,0
MLB10528226180,1,control,0,1,0,0
MLB10562315630,1,treatment,0,1,0,0
MLB410558204500,2,treatment,0,1,1,1
MLB10622486860,1,treatment,0,1,1,0
MLB10417528840,1,treatment,0,1,1,0
MLB4548546100,1,treatment,0,1,0,0
MLB410561424890,2,treatment,0,1,1,1
MLB410564392750,2,treatment,0,1,1,1
MLB10520782780,1,treatment,0,1,1,0
MLB10371949580,1,treatment,0,1,1,0
MLB4762080180,1,treatment,0,1,1,0
MLB7874270810,1,treatment,0,1,1,0
MLB227158070,1,treatment,0,1,1,0
MLB227158070,1,treatment,0,1,1,0
MLB10585405590,1,treatment,0,1,1,0
MLB2455258730,1,treatment,0,1,1,0
MLB2455258730,1,treatment,0,1,1,0
MLB7933270690,1,treatment,0,1,1,0
MLB410034178550,2,treatment,0,1,1,1
MLB10657109260,1,treatment,0,1,1,0
MLB1833478380,1,treatment,0,1,1,0
MLB10596807160,1,treatment,0,1,1,0
MLB10542324540,1,treatment,0,1,1,0
MLB10575764810-1,1,treatment,0,1,1,0
MLB4708619810,1,treatment,0,1,1,0
MLB45647897580,2,treatment,0,1,1,1
MLB10504615100,1,control,0,1,1,0
MLB10504615100,1,control,0,1,1,0
MLB10548745770,1,treatment,0,1,1,0
MLB10613052850,1,treatment,0,1,1,0
MLB10596807160,1,treatment,0,1,1,0
MLB10504615100,1,treatment,0,1,1,0
MLB10504615100,1,treatment,0,1,1,0
MLB42235065450,2,treatment,0,1,0,1
MLB410337394522,2,treatment,0,1,0,1
MLB42202412180,2,control,0,1,1,1
MLB10570176730,1,treatment,0,1,1,0
MLB10596666550,1,treatment,0,1,0,0
MLB10562598730,1,treatment,0,1,1,0
MLB10562598730,1,treatment,0,1,1,0
MLB7119453160,1,treatment,0,1,1,0
MLB10637519180,1,treatment,0,1,1,0
MLB2824718700,1,treatment,0,1,1,0
MLB410610750720,2,treatment,0,1,0,1
MLB10562598730,1,control,0,1,1,0
MLB10562598730,1,control,0,1,1,0
MLB10544268960,1,treatment,0,1,1,0
MLB10641019420-1,1,treatment,0,1,1,0
MLB10580705990,1,treatment,0,1,0,0
MLB6044521330,1,treatment,0,1,1,0
MLB10563613490,1,treatment,0,1,1,0
MLB10626161900,1,treatment,0,1,1,0
MLB3218137580,1,control,0,1,1,0
MLB10006217790,1,treatment,0,1,1,0
MLB4227158070,2,treatment,0,1,1,1
MLB2544686760,1,treatment,0,1,1,0
MLB47192557620,2,treatment,0,1,1,1
MLB10599897110,1,treatment,0,1,1,0
MLB10519151350,1,treatment,0,1,1,0
MLB10607905150,1,treatment,0,1,1,0
MLB1767909280,1,treatment,0,1,1,0
MLB3088032520,1,treatment,0,1,1,0
MLB6208482190,1,treatment,0,1,1,0
MLB10289924710,1,treatment,0,1,1,0
MLB10377453480,1,treatment,0,1,1,0
MLB410656927422,2,treatment,0,1,0,1
MLB10597669130-1,1,treatment,0,1,1,0
MLB4265252640,2,treatment,0,1,1,1
MLB10593229500,1,treatment,0,1,0,0
MLB10545903300,1,treatment,0,1,1,0
MLB7057089320,1,treatment,0,1,1,0
MLB10656215420,1,treatment,0,1,0,0
MLB7315099290,1,treatment,0,1,1,0
MLB10495276810,1,treatment,0,1,1,0
MLB10545877700,1,treatment,0,1,1,0
MLB1944820770,1,treatment,0,1,1,0
MLB6671538600,1,treatment,0,1,1,0
MLB49182916640,2,treatment,0,1,1,1
MLB10549135110,1,treatment,0,1,1,0
MLB10660135740,1,control,0,0,0,0
MLB10392364780,1,treatment,0,1,0,0
MLB10551816620,1,control,0,1,1,0
MLB10641386330,1,treatment,0,1,1,0
MLB2301158370,1,treatment,0,1,1,0
MLB2283518280,1,treatment,0,1,1,0
MLB7441687040,1,treatment,0,1,0,0
MLB1532682260,1,treatment,0,1,1,0
MLB8147288120,1,treatment,0,1,1,0
MLB10200480050,1,treatment,0,1,1,0
MLB1617816830,1,treatment,0,1,1,0
MLB410596565022,2,treatment,0,1,1,1
MLB10044487380,1,treatment,0,1,1,0
MLB1524022700,1,treatment,0,1,1,0
MLB10610169410,1,treatment,0,1,1,0
MLB8192620260,1,treatment,0,1,1,0
MLB10614857840,1,control,0,1,1,0
MLB3304160760,1,treatment,0,1,1,0
MLB10664594090,1,treatment,0,1,1,0
MLB1737272460,1,treatment,0,1,0,0
MLB478263680,2,treatment,0,1,0,1
MLB10555485110,1,treatment,0,1,1,0
MLB42810566222,2,treatment,0,1,1,1
MLB410555485110,2,treatment,0,1,1,1
MLB10561872050,1,treatment,0,1,1,0
MLB10661666960,1,treatment,0,0,1,0
MLB1133447810,1,treatment,0,1,1,0
MLB2944987270-1,1,treatment,0,1,1,0
MLB5701910490,1,treatment,0,1,1,0
MLB10609284680-1,1,treatment,0,1,1,0
MLB10608524330,1,treatment,0,1,1,0
MLB10522111140,1,treatment,0,1,1,0
MLB10323290590,1,treatment,0,1,1,0
MLB10504583760,1,treatment,0,1,1,0
MLB10537704230,1,treatment,0,1,0,0
MLB42280754010,2,treatment,0,1,1,1
MLB10533683550,1,treatment,0,1,1,0
MLB7182602800,1,treatment,0,1,0,0
MLB1897702310,1,treatment,0,1,1,0
MLB2642162970,1,treatment,0,1,1,0
MLB10309846480,1,treatment,0,1,0,0
MLB2642162970,1,treatment,0,1,1,0
MLB10074774490,1,treatment,0,1,1,0
MLB6110756990,1,treatment,0,1,1,0
MLB7470426780,1,treatment,0,1,1,0
MLB265252640,1,treatment,0,1,1,0
MLB410118139040,2,treatment,0,1,1,1
MLB10613757520,1,treatment,0,1,1,0
MLB410511617420,2,treatment,0,1,1,1
MLB10614624360,1,treatment,0,1,1,0
MLB6610600130,1,treatment,0,1,0,0
MLB7614949460,1,treatment,0,1,1,0
MLB43746295080,2,treatment,0,1,1,1
MLB10478035050,1,treatment,0,1,1,0
MLB2660758050,1,treatment,0,1,1,0
MLB410510957590,2,treatment,0,1,1,1
MLB4466065750,1,treatment,0,1,1,0
MLB1546326120,1,treatment,0,1,1,0
MLB10521619050,1,treatment,0,1,1,0
MLB410419005622,2,treatment,0,1,1,1
MLB10613133910,1,treatment,0,1,0,0
MLB10634012110,1,treatment,1,1,0,0
MLB10557531880,1,treatment,0,1,1,0
MLB10498545520,1,treatment,0,1,0,0
MLB10630198100,1,treatment,0,1,1,0
MLB7198884220,1,treatment,0,1,0,0
MLB410639901700,2,treatment,0,1,1,1
MLB10542603750,1,treatment,0,1,1,0
MLB10555280420,1,control,0,1,0,0
MLB10570013550-1,1,treatment,0,1,1,0
MLB2329780740,1,control,0,1,0,0
MLB10514242910,1,treatment,0,1,1,0
MLB10636177190,1,treatment,0,1,1,0
MLB10555485110-1,1,treatment,0,1,1,0
MLB3522409930,1,treatment,0,1,1,0
MLB10515781200,1,treatment,0,1,1,0
MLB1667030770,1,treatment,0,1,1,0
MLB10524143170,1,treatment,0,1,0,0
MLB10647180630,1,control,0,1,1,0
MLB7044841500,1,treatment,0,1,1,0
MLB10488082590,1,treatment,0,1,0,0
MLB10176461700,1,treatment,0,1,1,0
MLB5234326370,1,treatment,0,1,1,0
MLB5335992530-1,1,treatment,0,1,1,0
MLB1883048890,1,treatment,0,1,0,0
MLB6275545660,1,treatment,0,1,1,0
MLB410652453150,2,treatment,0,1,1,1
MLB8065045730,1,treatment,0,1,1,0
MLB6965218780,1,treatment,0,1,1,0
MLB5133106490,1,treatment,0,1,1,0
MLB4359739722,2,treatment,0,1,1,1
MLB3737153080,1,treatment,0,1,1,0
MLB10548306170,1,treatment,0,1,0,0
MLB3737153080,1,treatment,0,1,1,0
MLB10447411440,1,treatment,0,1,1,0
MLB10637954920,1,treatment,0,1,1,0
MLB6777253570,1,treatment,0,1,1,0
MLB10596885060,1,treatment,0,1,1,0
MLB10584992340-1,1,treatment,0,1,1,0
MLB10660558660,1,treatment,0,1,0,0
MLB5798117620,1,treatment,0,1,1,0
MLB10542683560,1,treatment,0,1,1,0
MLB6313367070,1,treatment,0,1,1,0
MLB4902925260,1,treatment,0,1,1,0
MLB10517649490,1,treatment,0,1,0,0
MLB410572750810,2,treatment,0,1,1,1
MLB410492545680,2,treatment,0,1,1,1
MLB1289218070,1,treatment,0,1,0,0
MLB6664723620,1,treatment,0,1,1,0
MLB2026343300,1,treatment,0,1,1,0
MLB6577968990,1,treatment,0,1,0,0
MLB10564920160,1,treatment,0,1,1,0
MLB10655448410,1,treatment,0,1,1,0
MLB42978543290,2,treatment,0,1,0,1
MLB10535452960,1,treatment,0,1,1,0
MLB10614296680,1,treatment,0,1,1,0
MLB10556883780,1,treatment,0,1,1,0
MLB10652680480-1,1,treatment,0,1,1,0
MLB10503815620,1,treatment,0,1,1,0
MLB42935061670,2,treatment,0,1,1,1
MLB10583809020,1,treatment,0,1,0,0
MLB7900206920,1,treatment,0,1,1,0
MLB3569765070,1,treatment,0,1,1,0
MLB10594263420-1,1,treatment,0,1,1,0
MLB10527955730,1,treatment,0,1,1,0
MLB41286941990,2,treatment,0,1,1,1
MLB1875698860,1,treatment,0,1,0,0
MLB10534650390,1,treatment,0,1,1,0
MLB41313586300,2,treatment,0,1,0,1
MLB10617575110,1,control,0,1,1,0
MLB10568903180,1,treatment,0,1,1,0
MLB10503815620-1,1,treatment,0,1,1,0
MLB10541777630,1,treatment,0,1,1,0
MLB10565430540,1,treatment,0,1,1,0
MLB10035808590,1,treatment,0,1,1,0
MLB410644630540,2,treatment,0,1,1,1
MLB10664369300,1,treatment,0,1,1,0
MLB4778588510,1,treatment,0,1,1,0
MLB410545256920,2,treatment,0,1,1,1
MLB2484615760,1,treatment,0,1,1,0
MLB8407598470-1,1,treatment,0,1,1,0
MLB47502120130,2,treatment,0,1,1,1
MLB8221493560,1,treatment,0,1,0,0
MLB10014188850,1,treatment,0,1,0,0
MLB10638958250,1,treatment,0,1,1,0
MLB10604700020,1,treatment,0,1,1,0
MLB10561789740,1,treatment,0,1,1,0
MLB6484948610,1,treatment,0,1,1,0
MLB46107167150,2,treatment,0,1,1,1
MLB10561048030,1,treatment,0,1,1,0
MLB10570394910,1,treatment,0,1,1,0
MLB10602976050,1,treatment,0,1,1,0
MLB693861640,1,control,0,1,1,0
MLB10104145250,1,treatment,0,1,1,0
MLB10523475600,1,treatment,0,1,1,0
MLB10655572690,1,treatment,0,1,0,0
MLB10652680480,1,treatment,0,1,1,0
MLB42420581422,2,treatment,0,1,0,1
MLB410611091220,2,treatment,0,1,1,1
MLB410610187440,2,control,0,1,1,1
MLB43917569220,2,treatment,0,1,1,1
MLB2978543290,1,treatment,0,1,0,0
MLB10629178420,1,treatment,0,1,0,0
MLB3159777050,1,treatment,0,1,0,0
MLB10631231250,1,treatment,0,1,1,0
MLB10644093610,1,treatment,0,1,0,0
MLB10591053650,1,control,0,1,1,0
MLB41739682480,2,treatment,0,1,1,1
MLB44932572840,2,treatment,0,1,0,1
MLB1147298420,1,treatment,0,1,1,0
MLB41737272422,2,treatment,0,1,0,1
MLB4511839510,1,treatment,0,1,1,0
MLB410589124890,2,treatment,0,1,1,1
MLB10534372140,1,treatment,0,1,1,0
MLB10611029380,1,treatment,0,1,0,0
MLB10597144360,1,control,0,1,1,0
MLB10589794890,1,treatment,0,1,1,0
MLB2209858060,1,treatment,0,1,1,0
MLB10508251450,1,treatment,0,1,1,0
MLB6823935650,1,treatment,0,1,1,0
MLB4828629020,1,treatment,0,1,1,0
MLB10523125720,1,treatment,0,1,1,0
MLB4828629020,1,treatment,0,1,1,0
MLB410524272840,2,treatment,0,1,1,1
MLB6266191450,1,treatment,0,1,1,0
MLB8061255110,1,control,0,1,1,0
MLB7942392680,1,treatment,0,1,1,0
MLB1313586300,1,treatment,0,1,0,0
MLB2046839440,1,treatment,0,1,0,0
MLB1313586300,1,treatment,0,1,0,0
MLB10634661670,1,treatment,0,1,1,0
MLB10595083370,1,treatment,0,1,0,0
MLB46173001750,2,treatment,0,1,0,1
MLB4516912220,2,treatment,0,1,1,1
MLB6282662130,1,treatment,0,1,1,0
MLB6362154740,1,treatment,0,1,1,0
MLB10656199760,1,treatment,0,1,1,0
MLB10609640700,1,treatment,0,1,1,0
MLB10628039270,1,treatment,0,1,1,0
MLB8300997160,1,treatment,0,1,1,0
MLB8300997160,1,treatment,0,1,1,0
MLB410576474220,2,treatment,0,1,1,1
MLB6079935800,1,treatment,0,1,1,0
MLB10575273520,1,treatment,0,1,1,0
MLB8404322380-1,1,treatment,0,1,1,0
MLB10613812040,1,treatment,0,1,1,0
MLB8300997160,1,control,0,1,1,0
MLB8300997160,1,control,0,1,1,0
MLB10635942760,1,treatment,0,1,0,0
MLB10539252300,1,treatment,0,1,1,0
MLB8168132600-1,1,treatment,0,1,0,0
MLB10642965750,1,treatment,0,1,1,0
MLB10589857660-1,1,treatment,0,1,1,0
MLB1611317540,1,treatment,0,1,0,0
MLB5144865450,1,treatment,0,1,0,0
MLB6158351350,1,treatment,0,1,1,0
MLB410635942722,2,treatment,0,1,0,1
MLB1367493660,1,treatment,0,1,1,0
MLB10477205600,1,treatment,0,1,1,0
MLB10086396820,1,treatment,0,1,1,0
MLB1930664270,1,treatment,0,1,1,0
MLB410645693220,2,treatment,0,1,1,1
MLB410614823522,2,treatment,0,1,1,1
MLB10589300770,1,treatment,0,1,1,0
MLB10570510840,1,control,0,1,1,0
MLB10664921980,1,treatment,0,1,1,0
MLB10596492420,1,treatment,0,1,1,0
MLB588925550,1,treatment,0,1,1,0
MLB2935061670-1,1,treatment,0,1,1,0
MLB43737153080,2,treatment,0,1,1,1
MLB10643950990,1,treatment,0,1,1,0
MLB410544268922,2,treatment,0,1,1,1
MLB410141212210,2,treatment,0,1,1,1
MLB10516337700,1,treatment,0,1,1,0
MLB10575143200,1,treatment,0,1,1,0
MLB10548904010,1,treatment,0,1,0,0
MLB7846926710,1,treatment,0,1,1,0
MLB10501566420,1,treatment,0,1,1,0
MLB10497347320,1,treatment,0,1,0,0
MLB10571499210,1,treatment,0,1,1,0
MLB10544425560,1,treatment,0,1,0,0
MLB10552253500,1,treatment,0,1,1,0
MLB41036816120,2,treatment,0,1,1,1
MLB410537656540,2,treatment,0,1,1,1
MLB10641000970,1,treatment,0,1,1,0
MLB5096228410,1,treatment,0,1,1,0
MLB7910436150,1,treatment,0,1,1,0
MLB10432774130,1,treatment,0,1,1,0
MLB41100056870,2,treatment,0,1,1,1
MLB7192557620,1,treatment,0,1,1,0
MLB2556349790,1,treatment,0,1,1,0
MLB10608531300,1,treatment,0,1,1,0
MLB10506857820,1,treatment,0,1,1,0
MLB10545182530,1,treatment,0,1,0,0
MLB2935061670,1,treatment,0,1,1,0
MLB5366135920,1,treatment,0,1,1,0
MLB10655900880,1,treatment,0,1,1,0
MLB410534027820,2,treatment,0,1,1,1
MLB47624135420,2,treatment,0,1,1,1
MLB410619766900,2,treatment,0,1,1,1
MLB10580359110,1,treatment,0,1,1,0
MLB42298021700,2,treatment,0,1,0,1
MLB6667854270,1,treatment,0,1,1,0
MLB4741217540,1,treatment,0,1,1,0
MLB10596363640,1,treatment,0,1,1,0
MLB4741217540,1,treatment,0,1,1,0
MLB410520782780,2,treatment,0,1,1,1
MLB10511446540,1,treatment,0,1,1,0
MLB2123521740,1,treatment,0,1,1,0
MLB6816356250,1,treatment,0,1,1,0
MLB6760728810,1,treatment,0,1,1,0
MLB4932572840,1,treatment,0,1,0,0
MLB2683679600-1,1,treatment,0,1,1,0
MLB10522469860,1,treatment,0,1,1,0
MLB1494630360,1,treatment,0,1,1,0
MLB6722111400,1,treatment,0,1,1,0
MLB6264424100,1,treatment,0,1,1,0
MLB8372304010,1,treatment,0,1,0,0
MLB10530902830,1,treatment,0,1,0,0
MLB410594861480,2,treatment,0,1,1,1
MLB10585813380,1,treatment,0,1,1,0
MLB2511155430,1,treatment,1,1,0,0
MLB7127231920,1,treatment,0,1,1,0
MLB10640415220,1,treatment,0,1,1,0
MLB43675641980,2,treatment,0,1,0,1
MLB10640120820,1,treatment,0,1,1,0
MLB10548649980,1,treatment,0,1,1,0
MLB10558031330,1,treatment,0,1,1,0
MLB10640525210,1,treatment,0,1,1,0
MLB3939925720,1,treatment,0,1,0,0
MLB7098590060,1,treatment,0,1,1,0
MLB44654471000,2,treatment,0,1,1,1
MLB2433204860,1,treatment,0,1,1,0
MLB10611123330,1,treatment,0,1,1,0
MLB47311513030,2,treatment,0,1,1,1
MLB10176842010,1,treatment,0,1,1,0
MLB3256000850,1,treatment,0,1,1,0
MLB410573174080,2,treatment,0,1,0,1
MLB10478103750,1,treatment,0,1,0,0
MLB2425309250,1,treatment,0,1,1,0
MLB10627793660,1,treatment,0,1,0,0
MLB2959547180,1,treatment,0,1,0,0
MLB10546479610,1,treatment,0,1,1,0
MLB10453860660,1,treatment,0,1,0,0
MLB10604727730,1,treatment,0,1,0,0
MLB6049026390,1,treatment,0,1,1,0
MLB1971596070,1,treatment,0,1,1,0
MLB10176968660,1,treatment,0,1,1,0
MLB2633126560,1,control,0,1,0,0
MLB10609729010,1,treatment,0,1,1,0
MLB10548293280,1,treatment,0,1,0,0
MLB410554636740,2,treatment,0,1,0,1
MLB10548293280,1,treatment,0,1,0,0
MLB410531012740,2,treatment,0,1,0,1
MLB7561636860,1,treatment,0,1,0,0
MLB7561636860,1,treatment,0,1,0,0
MLB10429579630,1,treatment,0,1,1,0
MLB42673754970,2,treatment,0,1,1,1
MLB3059724990,1,treatment,0,1,0,0
MLB8330756080,1,treatment,0,1,1,0
MLB8016082190,1,treatment,0,1,1,0
MLB1148170010,1,treatment,0,1,1,0
MLB10524583590,1,treatment,0,1,1,0
MLB10636892520-1,1,treatment,0,1,1,0
MLB10537051230,1,treatment,0,1,1,0
MLB10518214920,1,treatment,0,1,1,0
MLB7858349830,1,treatment,0,1,1,0
MLB10289937940,1,treatment,0,1,1,0
MLB43350248620,2,treatment,0,1,0,1
MLB10639901700,1,treatment,0,1,1,0
MLB4223464020,2,treatment,0,1,1,1
MLB10639901700,1,treatment,0,1,1,0
MLB10495284070,1,treatment,0,1,1,0
MLB3567300990,1,control,0,1,1,0
MLB10652453150,1,treatment,0,1,1,0
MLB410610419322,2,treatment,0,1,1,1
MLB10567422320,1,treatment,0,1,0,0
MLB10546883550,1,treatment,0,1,1,0
MLB10555806610,1,treatment,0,1,1,0
MLB4213624300,2,treatment,0,1,1,1
MLB10591186740,1,treatment,0,1,1,0
MLB528305030,1,treatment,0,1,1,0
MLB10136578760,1,treatment,0,1,1,0
MLB410634012110,2,treatment,1,1,0,1
MLB2330056610,1,treatment,0,1,1,0
MLB10465471180,1,treatment,0,1,1,0
MLB10437735030-1,1,treatment,0,1,1,0
MLB10604564710,1,treatment,0,1,1,0
MLB10608517650,1,treatment,0,1,0,0
MLB10136578760,1,treatment,0,1,1,0
MLB5078059810,1,treatment,0,1,1,0
MLB10603496670,1,treatment,0,1,0,0
MLB1881738990,1,treatment,0,1,1,0
MLB10563464120,1,treatment,0,1,1,0
MLB10514608520,1,treatment,0,1,1,0
MLB5284798670,1,treatment,0,1,1,0
MLB410635680280,2,treatment,0,1,1,1
MLB10527263730,1,treatment,0,1,1,0
MLB3476460370,1,treatment,0,1,0,0
MLB1519033290,1,treatment,0,1,0,0
MLB2197809130,1,treatment,0,1,0,0
MLB10598524480,1,treatment,0,1,1,0
MLB45407711220,2,treatment,0,1,1,1
MLB5190794930,1,treatment,0,1,0,0
MLB5291170860,1,treatment,0,1,1,0
MLB10636987780,1,treatment,0,1,1,0
MLB8148239780,1,treatment,0,1,1,0
MLB10578541090,1,treatment,0,1,0,0
MLB10578640420,1,treatment,0,1,1,0
MLB10587814520,1,treatment,0,1,1,0
MLB10635055620,1,treatment,0,1,1,0
MLB10614823880,1,treatment,0,1,1,0
MLB10063135050,1,treatment,0,1,0,0
MLB10419005660,1,treatment,0,1,1,0
MLB1764393760,1,treatment,0,1,1,0
MLB10419005660,1,treatment,0,1,1,0
MLB10614823880,1,treatment,0,1,1,0
MLB10454771030,1,treatment,0,1,1,0
MLB10635055620,1,treatment,0,1,1,0
MLB10564392750-1,1,treatment,0,1,1,0
MLB10580042160,1,treatment,0,1,1,0
MLB3746295080,1,treatment,0,1,1,0
MLB10648893600,1,treatment,0,1,1,0
MLB10538792990,1,treatment,0,1,1,0
MLB3746295080,1,treatment,0,1,1,0
MLB410589857622,2,treatment,0,1,1,1
MLB8232941300,1,treatment,0,1,1,0
MLB8135816300,1,treatment,0,1,1,0
MLB10508260410,1,treatment,0,1,1,0
MLB10534705450,1,treatment,0,1,1,0
MLB10513248720,1,treatment,0,1,0,0
MLB10604323160,1,treatment,0,1,1,0
MLB7582420070,1,treatment,0,1,1,0
MLB8098297800,1,treatment,0,1,1,0
MLB6745570100,1,treatment,0,1,1,0
MLB3366058330,1,treatment,0,1,1,0
MLB43439721590,2,treatment,0,1,1,1
MLB3972545610,1,treatment,0,1,0,0
MLB10601835380,1,treatment,0,1,1,0
MLB10458269190,1,treatment,0,1,1,0
MLB5407711220,1,treatment,0,1,1,0
MLB10524431370,1,treatment,0,1,1,0
MLB5362303620,1,treatment,0,1,1,0
MLB410532910070,2,treatment,0,1,1,1
MLB1929492970,1,treatment,0,1,1,0
MLB10630198100-1,1,treatment,0,1,1,0
MLB10656927460,1,treatment,0,1,0,0
MLB8382916640,1,treatment,0,1,1,0
MLB10527962490,1,treatment,0,1,1,0
MLB10558468120,1,treatment,0,1,1,0
MLB10654476770,1,treatment,0,1,1,0
MLB10490279080,1,treatment,0,1,1,0
MLB7776297340,1,treatment,0,1,1,0
MLB410573125240,2,treatment,0,1,1,1
MLB1755703540,1,treatment,0,1,1,0
MLB6825972840,1,treatment,0,1,1,0
MLB49124181280,2,treatment,0,1,1,1
MLB1755703540,1,treatment,0,1,1,0
MLB10560340770,1,treatment,0,1,1,0
MLB10648575000,1,control,0,1,1,0
MLB10560340770,1,treatment,0,1,1,0
MLB10630776630,1,treatment,0,1,1,0
MLB2023224030,1,treatment,0,1,0,0
MLB10645703450,1,treatment,0,1,1,0
MLB6295672150,1,treatment,0,1,1,0
MLB6441174910,1,treatment,0,1,1,0
MLB44982562440,2,treatment,0,1,1,1
MLB2653348050,1,treatment,0,1,1,0
MLB10558249570,1,treatment,0,1,1,0
MLB5327876950,1,treatment,0,1,1,0
MLB48168132220,2,treatment,0,1,0,1
MLB7301285620,1,treatment,0,1,1,0
MLB46484948610,2,treatment,0,1,1,1
MLB10575764810,1,treatment,0,1,1,0
MLB10523977840,1,treatment,0,1,1,0
MLB10501999800,1,treatment,0,1,1,0
MLB371610270,1,treatment,0,1,1,0
MLB10534595610,1,treatment,0,1,1,0
MLB10545707360,1,treatment,0,1,1,0
MLB10554636740,1,treatment,0,1,0,0
MLB10610323710,1,treatment,0,1,1,0
MLB410641019420,2,treatment,0,1,1,1
MLB179933580,1,treatment,0,1,1,0
MLB10660535570,1,treatment,0,1,1,0
MLB4212338280,1,treatment,0,1,1,0
MLB10523352060,1,treatment,0,1,1,0
MLB10598667180,1,treatment,0,1,1,0
MLB2587363500,1,treatment,0,1,1,0
MLB10636938410,1,treatment,0,1,1,0
MLB3621203620,1,treatment,0,1,1,0
MLB10489997700,1,treatment,0,1,1,0
MLB6162200910,1,treatment,0,1,1,0
MLB10609301390,1,treatment,0,1,1,0
MLB410558031330,2,treatment,0,1,1,1
MLB999142060,1,treatment,0,1,1,0
MLB46538973270,2,treatment,0,1,0,0
MLB10580123010,1,treatment,0,1,1,0
MLB10548791610,1,treatment,0,1,0,0
MLB410229284680,2,treatment,0,1,1,1
MLB10664596910,1,treatment,0,1,1,0
MLB7942633000,1,treatment,0,1,0,0
MLB213624300,1,treatment,0,1,1,0
MLB10641019420,1,treatment,0,1,1,0
MLB1834418440,1,treatment,0,1,1,0
MLB10606041920,1,treatment,0,1,1,0
MLB10390720050,1,treatment,0,1,1,0
MLB10521674950,1,control,0,1,1,0
MLB410136578722,2,treatment,0,1,1,1
MLB7248544640,1,treatment,0,1,1,0
MLB10502919710,1,treatment,0,1,1,0
MLB10592346490,1,treatment,1,1,1,0
MLB10655863380,1,treatment,0,1,1,0
MLB2081112380,1,treatment,0,1,0,0
MLB410631445822,2,treatment,0,1,1,1
MLB10614620380,1,treatment,0,1,1,0
MLB2907306050,1,treatment,0,1,1,0
MLB10595990690,1,control,0,1,1,0
MLB43159415620,2,treatment,0,1,1,1
MLB410227282080,2,treatment,0,1,1,1
MLB410636892520,2,treatment,0,1,1,1
MLB6765046350,1,treatment,0,1,1,0
MLB5566870280,1,treatment,0,1,1,0
MLB10591032040,1,treatment,0,1,1,0
MLB4702959620,1,treatment,0,1,1,0
MLB10609729010-1,1,treatment,0,1,1,0
MLB10565886190,1,treatment,0,1,1,0
MLB10571656040,1,treatment,0,1,1,0
MLB10571656040,1,treatment,0,1,1,0
MLB10537656540,1,treatment,0,1,1,0
MLB10453103620,1,treatment,0,1,0,0
MLB10497347320-1,1,treatment,0,1,0,0
MLB3101033580,1,treatment,0,1,1,0
MLB2445581820,1,treatment,0,1,1,0
MLB410437735030,2,treatment,0,1,1,1
MLB2966254190,1,treatment,0,1,1,0
MLB10654114570,1,treatment,0,1,0,0
MLB2640568440,1,treatment,0,1,1,0
MLB10534650390-1,1,treatment,0,1,1,0
MLB10628393100,1,treatment,0,1,1,0
MLB293242280,1,treatment,1,1,0,0
MLB10495770230,1,treatment,0,1,1,0
MLB2371695360,1,treatment,0,1,1,0
MLB10516690470,1,treatment,0,1,1,0
MLB410646628230,2,treatment,0,1,1,1
MLB8404322380,1,treatment,0,1,1,0
MLB10579280370,1,treatment,0,1,1,0
MLB10573125240,1,treatment,0,1,1,0
MLB10573125240,1,treatment,0,1,1,0
MLB410527263730,2,treatment,0,1,1,1
MLB8188097910,1,treatment,0,1,0,0
MLB10576066450,1,treatment,0,1,1,0
MLB10549919910,1,treatment,0,1,1,0
MLB41755703540,2,treatment,0,1,1,1
MLB10643611530,1,treatment,0,1,1,0
MLB10526700540,1,treatment,0,1,1,0
MLB2414669020,1,treatment,0,1,0,0
MLB10509231250,1,treatment,0,1,1,0
MLB10597401310,1,treatment,0,1,1,0
MLB7882911280,1,treatment,0,1,0,0
MLB10093627290,1,treatment,0,1,1,0
MLB410535825280,2,treatment,0,1,1,1
MLB10597144360-1,1,treatment,0,1,1,0
MLB10508079870,1,treatment,0,1,1,0
MLB4184840330,1,treatment,0,1,1,0
MLB139272060,1,treatment,0,1,1,0
MLB47561636822,2,treatment,0,1,0,1
MLB45943910080,2,treatment,0,1,1,1
MLB8310606260,1,control,0,1,1,0
MLB4070718030,1,treatment,0,1,1,0
MLB10626569820,1,treatment,0,1,1,0
MLB10561551940,1,control,0,1,1,0
MLB10543943260,1,treatment,0,1,1,0
MLB10034178550,1,treatment,0,1,1,0
MLB2903102100,1,treatment,0,1,1,0
MLB10541793350,1,treatment,0,1,1,0
MLB410596807122,2,treatment,0,1,1,1
MLB10516507400,1,treatment,0,1,0,0
MLB680282840,1,treatment,0,1,1,0
MLB410548293280,2,treatment,0,1,0,1
MLB4941261340-1,1,treatment,0,1,1,0
MLB2023382730,1,treatment,0,1,1,0
MLB10567984610,1,treatment,0,1,1,0
MLB10058048790,1,treatment,0,1,1,0
MLB1925270420,1,treatment,0,1,1,0
MLB10535308100,1,treatment,0,1,1,0
MLB3520534110,1,treatment,0,1,1,0
MLB10580359110-1,1,control,0,1,1,0
MLB10553135570,1,treatment,0,1,1,0
MLB10614983130,1,treatment,0,1,1,0
MLB5752030370,1,treatment,0,1,1,0
MLB5671542450,1,control,0,1,1,0
MLB43101033580,2,treatment,0,1,1,1
MLB10542110290,1,treatment,0,1,1,0
MLB10634391100,1,treatment,0,1,1,0
MLB15903730,1,treatment,0,1,1,0
MLB1489334730,1,treatment,0,1,1,0
MLB10594263420,1,treatment,0,1,1,0
MLB4556925550,2,treatment,0,1,1,1
MLB2749318390,1,treatment,0,1,1,0
MLB410503815620,2,treatment,0,1,1,1
MLB8363882730,1,treatment,0,1,1,0
MLB10576503050,1,treatment,0,1,1,0
MLB10636892520,1,treatment,0,1,1,0
MLB6093304800,1,treatment,0,1,0,0
MLB2907014500,1,treatment,0,1,1,0
MLB10499792600,1,treatment,0,1,1,0
MLB410210443370,2,treatment,0,1,1,1
MLB10572750810,1,treatment,0,1,1,0
MLB47050217280,2,treatment,0,1,1,1
MLB8107703390,1,treatment,0,1,1,0
MLB8330873600,1,treatment,0,1,0,0
MLB410564649840,2,treatment,0,1,1,1
MLB1555989640,1,treatment,0,1,1,0
MLB10601381930,1,treatment,0,1,1,0
MLB10537740920,1,treatment,0,1,1,0
MLB6563189080,1,treatment,0,1,0,0
MLB410225567310,2,treatment,0,1,1,1
MLB7789764570,1,treatment,0,1,1,0
MLB3958255150,1,control,0,1,1,0
MLB6563189080,1,treatment,0,1,0,0
MLB6893655740,1,treatment,0,1,1,0
MLB2105612340,1,treatment,0,1,1,0
MLB10584992340,1,treatment,0,1,1,0
MLB410598640922,2,treatment,0,1,1,1
MLB3256000850-1,1,treatment,0,1,1,0
MLB10607982890,1,control,0,1,1,0
MLB10521200480,1,treatment,0,1,0,0
MLB6664723620-1,1,treatment,0,1,1,0
MLB1669034900,1,treatment,0,1,1,0
MLB45366135920,2,treatment,0,1,1,1
MLB10505198630,1,treatment,0,1,1,0
MLB410573875410,2,treatment,0,1,1,1
MLB7983948010-1,1,treatment,0,1,1,0
MLB4767890190,2,treatment,0,1,1,1
MLB10564142540,1,treatment,0,1,0,0
MLB42455258730,2,treatment,0,1,1,1
MLB516979220,1,treatment,0,1,1,0
MLB516979220,1,treatment,0,1,1,0
MLB359739760,1,treatment,0,1,1,0
MLB7472740160,1,treatment,0,1,1,0
MLB10549767010,1,treatment,0,1,1,0
MLB10494418500,1,treatment,0,1,1,0
MLB359739760,1,treatment,0,1,1,0
MLB516979220,1,control,0,1,1,0
MLB516979220,1,control,0,1,1,0
MLB8270690980,1,treatment,0,1,1,0
MLB10510957590,1,control,0,1,1,0
MLB10510957590,1,control,0,1,1,0
MLB7993670260,1,treatment,0,1,0,0
MLB10521694260,1,treatment,0,1,1,0
MLB10510957590,1,treatment,0,1,1,0
MLB10510957590,1,treatment,0,1,1,0
MLB10577976870,1,treatment,0,1,1,0
MLB6107167150,1,treatment,0,1,1,0
MLB44556634450,2,treatment,0,1,1,1
MLB3900196000,1,treatment,0,1,1,0
MLB4367034400,1,control,0,1,1,0
MLB3023339840,1,treatment,0,1,1,0
MLB10603505900,1,treatment,0,1,1,0
MLB10511763970,1,treatment,0,1,1,0
MLB43252200850,2,treatment,0,1,1,1
MLB10622208860,1,treatment,0,1,0,0
MLB10619103160,1,treatment,0,1,0,0
MLB3688715720,1,treatment,0,1,1,0
MLB4202251420,1,treatment,0,1,0,0
MLB10537989920,1,treatment,0,1,1,0
MLB42165710930,2,treatment,0,1,1,1
MLB8324181280-1,1,treatment,0,1,1,0
MLB10574688610,1,treatment,0,1,1,0
MLB6490850290,1,treatment,0,1,1,0
MLB48186171120,2,treatment,0,1,1,1
MLB3100705450,1,treatment,0,1,0,0
MLB7710090620,1,treatment,0,1,1,0
MLB2731490400,1,treatment,0,1,1,0
MLB410646227340,2,treatment,0,1,1,1
MLB42691612220,2,treatment,0,1,1,1
MLB8304628890,1,treatment,0,1,1,0
MLB10575022570,1,treatment,0,1,1,0
MLB410515781200,2,treatment,0,1,1,1
MLB10510279410,1,treatment,0,1,0,0
MLB10655935530,1,treatment,0,1,1,0
MLB410229729010,2,treatment,0,1,1,1
MLB7502120130,1,treatment,0,1,1,0
MLB1711556350,1,treatment,0,1,1,0
MLB46664723620,2,treatment,0,1,1,1
MLB4110698060,1,treatment,0,1,1,0
MLB7458857220,1,treatment,0,1,1,0
MLB7502120130,1,treatment,0,1,1,0
MLB2206169110,1,treatment,0,1,1,0
MLB2165710930,1,treatment,0,1,1,0
MLB10512354980,1,treatment,0,1,1,0
MLB2039180080,1,treatment,0,1,1,0
MLB10561201480,1,treatment,0,1,0,0
MLB10537935670,1,treatment,0,1,0,0
MLB3229038590,1,treatment,0,1,0,0
MLB45844025640,2,treatment,0,1,1,1
MLB10656547340,1,treatment,0,1,1,0
MLB7372346180,1,treatment,0,1,1,0
MLB2810566260,1,treatment,0,1,1,0
MLB10556719300,1,treatment,0,1,1,0
MLB10610492810,1,treatment,0,1,1,0
MLB10645605390,1,treatment,0,1,0,0
MLB10522322850,1,treatment,0,1,1,0
MLB1932281100,1,treatment,0,1,1,0
MLB10564392750,1,treatment,0,1,1,0
MLB10533661180,1,treatment,0,1,1,0
MLB5273425370,1,treatment,0,1,1,0
MLB10610751790,1,control,0,1,1,0
MLB10637618270,1,treatment,0,1,1,0
MLB410584992340,2,treatment,0,1,1,1
MLB10663352500,1,treatment,0,1,1,0
MLB2544492790,1,treatment,0,1,1,0
MLB5413367800,1,treatment,0,1,1,0
MLB10440121720,1,treatment,0,1,1,0
MLB4257450810,1,treatment,0,1,1,0
MLB1962163990,1,treatment,0,1,1,0
MLB410565566722,2,treatment,0,1,1,1
MLB542616320,1,treatment,0,1,0,0
MLB7510149470,1,control,0,1,1,0
MLB45335992530,2,treatment,0,1,1,1
MLB10515335110,1,treatment,0,1,1,0
MLB7726008220,1,treatment,0,1,1,0
MLB2092096120,1,treatment,0,1,1,0
MLB10579893500,1,treatment,0,1,0,0
MLB10548332650,1,treatment,0,1,1,0
MLB10032003530,1,treatment,0,1,1,0
MLB3310855050,1,treatment,0,1,0,0
MLB10147836010-1,1,treatment,0,1,1,0
MLB10657042290,1,treatment,0,1,1,0
MLB10525553520,1,treatment,0,1,1,0
MLB10497503220,1,treatment,0,1,1,0
MLB2505318580,1,treatment,0,1,1,0
MLB410512273750,2,treatment,0,1,1,1
MLB5164948060,1,treatment,0,1,1,0
MLB10663766840-1,1,treatment,0,1,1,0
MLB10160758620,1,treatment,0,1,1,0
MLB410352333000,2,treatment,0,1,1,1
MLB10532830070,1,treatment,0,1,1,0
MLB10602068460,1,treatment,0,1,1,0
MLB43052232520,2,treatment,0,1,1,1
MLB3893250330,1,treatment,0,1,1,0
MLB5461634170,1,treatment,0,1,1,0
MLB10337394880,1,treatment,0,1,0,0
MLB6701311930,1,treatment,0,1,1,0
MLB410595522640,2,treatment,0,1,1,1
MLB10614326890,1,treatment,0,1,1,0
MLB7918573320,1,treatment,0,1,1,0
MLB10509467050,1,treatment,0,1,0,0
MLB10665640530,1,treatment,0,1,1,0
MLB78263680-1,1,treatment,0,1,0,0
MLB10649073600,1,treatment,0,1,1,0
MLB289503870,1,treatment,0,1,0,0
MLB1965516240,1,treatment,0,1,1,0
MLB10535920500,1,treatment,0,1,1,0
MLB1879998700,1,treatment,0,1,1,0
MLB10641359970,1,treatment,0,1,1,0
MLB10632455040,1,treatment,0,1,1,0
MLB10332122770,1,control,0,1,1,0
MLB42944987270,2,treatment,0,1,1,1
MLB8349503530,1,treatment,0,1,1,0
MLB5844025640,1,treatment,0,1,1,0
MLB10631515100,1,treatment,0,1,1,0
MLB5844025640,1,treatment,0,1,1,0
MLB6035065450,1,treatment,0,1,0,0
MLB410504615100,2,treatment,0,1,1,1
MLB4004971550,1,treatment,0,1,1,0
MLB10597669130,1,treatment,0,1,1,0
MLB6611756650,1,treatment,0,1,1,0
MLB410591866400,2,treatment,0,1,1,1
MLB410562323840,2,treatment,0,1,1,1
MLB7082972530,1,treatment,0,1,1,0
MLB410561048030,2,treatment,0,1,1,1
MLB410617575110,2,treatment,0,1,1,1
MLB47301285620,2,treatment,0,1,1,1
MLB10652759840,1,treatment,0,1,0,0
MLB10631445860,1,treatment,0,1,1,0
MLB4504170320,1,treatment,0,1,0,0
MLB1320924400,1,treatment,0,1,1,0
MLB10554712530,1,treatment,0,1,1,0
MLB410571652240,2,treatment,0,1,1,1
MLB46266191450,2,treatment,0,1,1,1
MLB4936058200,1,treatment,0,1,1,0
MLB2159161160,1,treatment,0,1,1,0
MLB10664964390,1,treatment,0,1,1,0
MLB10635680280-1,1,treatment,0,1,1,0
MLB10147836010,1,treatment,0,1,1,0
MLB10626498740,1,treatment,0,1,1,0
MLB410641359970,2,treatment,0,1,1,1
MLB1902790190,1,treatment,0,1,1,0
MLB48261261920,2,control,0,1,1,1
MLB410039103910,2,treatment,0,1,1,1
MLB10529792930,1,treatment,0,1,1,0
MLB10542488600,1,treatment,0,1,1,0
MLB10605887310,1,treatment,0,1,1,0
MLB10584119940,1,treatment,0,1,1,0
MLB10663766840,1,treatment,0,1,1,0
MLB4588634450,1,treatment,0,1,1,0
MLB7972390730,1,treatment,0,1,1,0
MLB410501999800,2,treatment,0,1,1,1
MLB3439721590,1,treatment,0,1,1,0
MLB570786260,1,treatment,0,1,1,0
MLB10445189630,1,treatment,0,1,1,0
MLB41519033290,2,control,0,1,0,1
MLB10530485720,1,treatment,0,1,1,0
MLB8186171120,1,treatment,0,1,1,0
MLB10607620650,1,treatment,0,1,1,0
MLB10621855220,1,treatment,0,1,0,0
MLB4453951560,1,treatment,0,1,1,0
MLB5332640330,1,treatment,0,1,1,0
MLB10504518360,1,treatment,0,1,1,0
MLB7170434220,1,control,0,1,1,0
MLB5705854220,1,treatment,0,1,1,0
MLB4982882440,1,treatment,0,1,1,0
MLB5335992530,1,treatment,0,1,1,0
MLB7680352960,1,treatment,0,1,1,0
MLB410575764810,2,treatment,0,1,1,1
MLB4982882440,1,treatment,0,1,1,0
MLB904471040,1,treatment,0,1,1,0
MLB7990901920,1,treatment,0,1,1,0
MLB8034053240,1,treatment,0,1,1,0
MLB10532892690,1,treatment,0,1,1,0
MLB7579492460,1,treatment,0,1,1,0
MLB2254676780,1,treatment,0,1,0,0
MLB10594861480,1,treatment,0,1,1,0
MLB10664551990,1,control,0,1,1,0
MLB10640120820-1,1,treatment,0,1,1,0
MLB3257731010,1,treatment,0,1,1,0
MLB10647294880,1,treatment,0,1,1,0
MLB46567848022,2,treatment,0,1,1,1
MLB1937747490,1,treatment,0,1,0,0
MLB4817963370,1,treatment,0,1,1,0
MLB410638994850,2,treatment,0,1,1,1
MLB10622114800,1,treatment,0,1,1,0
MLB10648142830,1,treatment,0,1,1,0
MLB10652880980,1,treatment,0,1,1,0
MLB10022447950,1,treatment,0,1,1,0
MLB410594263420,2,treatment,0,1,1,1
MLB5418067050,1,control,0,1,1,0
MLB1895846550,1,treatment,0,1,1,0
MLB4265475770,1,treatment,0,1,1,0
MLB10555887870,1,treatment,0,1,0,0
MLB10532888240,1,treatment,0,1,1,0
MLB10570013550,1,treatment,0,1,1,0
MLB10609951120,1,treatment,0,1,1,0
MLB7933509540,1,treatment,0,1,1,0
MLB10521844120,1,treatment,0,1,1,0
MLB10549699030,1,control,0,1,1,0
MLB10578275000,1,treatment,0,1,1,0
MLB10537198160,1,treatment,0,1,1,0
MLB4654471000,1,treatment,0,1,1,0
MLB4506362280,1,control,0,1,0,0
MLB2509208880,1,treatment,0,1,1,0
MLB10631406820,1,treatment,0,1,1,0
MLB10550517060,1,treatment,0,1,1,0
MLB5742173940,1,treatment,0,1,1,0
MLB4623991670,1,treatment,0,1,0,0
MLB10644446360,1,treatment,0,1,1,0
MLB41045529450,2,treatment,0,1,0,1
MLB2482959440,1,treatment,0,1,1,0
MLB10584230210,1,treatment,0,1,1,0
MLB2588385770,1,treatment,0,1,1,0
MLB7984688360,1,treatment,0,1,1,0
MLB2349079970,1,treatment,0,1,1,0
MLB10632839490,1,treatment,0,1,0,0
MLB7984688360,1,treatment,0,1,1,0
MLB10530902150,1,treatment,0,1,0,0
MLB10516348760,1,treatment,0,1,1,0
MLB10531012740,1,treatment,0,1,0,0
MLB10352333000,1,treatment,0,1,1,0
MLB2274271190-1,1,treatment,0,1,1,0
MLB7688760560,1,treatment,0,1,0,0
MLB8324181280,1,treatment,0,1,1,0
MLB10617853180,1,treatment,0,1,1,0
MLB10634966210,1,treatment,0,1,1,0
MLB10208583570,1,control,0,1,1,0
MLB1521393840,1,control,0,1,1,0
MLB410565586390,2,treatment,0,1,1,1
MLB48407598470,2,treatment,0,1,1,1
MLB10557682230,1,treatment,0,1,1,0
MLB270447790,1,treatment,0,1,0,0
MLB7879653590,1,control,0,1,1,0
MLB10413981110,1,treatment,0,1,1,0
MLB1824812420,1,treatment,0,1,1,0
MLB2197809130-1,1,treatment,0,1,0,0
MLB1940466480,1,treatment,0,1,1,0
MLB10517341600,1,treatment,0,1,1,0
MLB8342748640,1,treatment,0,1,1,0
MLB47684629722,2,treatment,0,1,1,1
MLB10498379590,1,treatment,0,1,1,0
MLB7505878960,1,treatment,0,1,1,0
MLB410641420010,2,treatment,0,1,1,1
MLB1833763830,1,treatment,0,1,1,0
MLB10210443370,1,treatment,0,1,1,0
MLB2600242810,1,treatment,0,1,1,0
MLB10505459540,1,treatment,0,1,1,0
MLB3895229180,1,treatment,0,1,0,0
MLB10523219320,1,treatment,0,1,1,0
MLB2482959440-1,1,treatment,0,1,1,0
MLB5410143760,1,treatment,0,1,1,0
MLB5163438110,1,treatment,0,1,1,0
MLB10537220730,1,treatment,0,1,1,0
MLB8060732310,1,treatment,0,1,1,0
MLB8349503530-1,1,treatment,0,1,1,0
MLB8261261920,1,treatment,0,1,1,0
MLB6629202050,1,treatment,0,1,1,0
MLB6629202050,1,treatment,0,1,1,0
MLB10628858920,1,treatment,0,1,1,0
MLB10567840180,1,treatment,0,1,0,0
MLB8261261920,1,treatment,0,1,1,0
MLB10619766900-1,1,treatment,0,1,1,0
MLB3626692100,1,treatment,0,1,1,0
MLB3120760160,1,treatment,0,1,1,0
MLB10542419260,1,treatment,0,1,1,0
MLB10431704330,1,treatment,0,1,1,0
MLB10646607340,1,control,0,1,1,0
MLB1794943030,1,treatment,0,1,1,0
MLB10561048030-1,1,treatment,0,1,1,0
MLB42482959440,2,treatment,0,1,1,1
MLB10505782870,1,treatment,0,1,1,0
MLB6252100380,1,control,0,1,1,0
MLB4469172360,1,treatment,0,1,1,0
MLB2411561170,1,treatment,0,1,0,0
MLB410631331200,2,treatment,0,1,1,1
MLB10659109380,1,treatment,0,1,0,0
MLB10524272840,1,treatment,0,1,1,0
MLB10534027820,1,treatment,0,1,1,0
MLB10309998600,1,treatment,0,1,1,0
MLB410570013550,2,treatment,0,1,1,1
MLB3570468850,1,treatment,0,1,1,0
MLB10617853180-1,1,treatment,0,1,1,0
MLB10039103830,1,treatment,0,1,1,0
MLB10607524050,1,treatment,0,1,1,0
MLB10039103830,1,treatment,0,1,1,0
MLB3928356330,1,control,0,1,1,0
MLB10505308240,1,treatment,0,1,1,0
MLB10630061730,1,control,0,1,0,0
MLB10518120240,1,treatment,0,1,1,0
MLB2516877170,1,treatment,0,1,1,0
MLB410222972250,2,treatment,0,1,1,1
MLB46722725610,2,treatment,0,1,1,1
MLB7473683560,1,treatment,0,1,1,0
MLB410575273520,2,treatment,0,1,1,1
MLB779564990,1,treatment,0,1,0,0
MLB10530897340,1,treatment,0,1,0,0
MLB10543603080,1,treatment,0,1,1,0
MLB7720528580,1,treatment,0,1,1,0
MLB10614829650,1,treatment,0,1,1,0
MLB3758704900,1,treatment,0,1,0,0
MLB1179273480,1,treatment,0,1,0,0
MLB10647536150,1,treatment,0,1,1,0
MLB410309846480,2,treatment,0,1,0,1
MLB10571018210,1,treatment,0,1,1,0
MLB10571050930,1,treatment,0,1,1,0
MLB10623773140,1,treatment,0,1,1,0
MLB10646309640,1,treatment,0,1,1,0
MLB2673754970,1,treatment,0,1,1,0
MLB8071601400,1,treatment,0,1,1,0
MLB10641624590,1,treatment,0,1,1,0
MLB1735665390,1,treatment,0,1,1,0
MLB10647383800,1,control,0,1,0,0
MLB2773888680,1,treatment,0,1,1,0
MLB10562831920,1,treatment,0,1,1,0
MLB2986662960,1,treatment,0,1,1,0
MLB3900196000-1,1,treatment,0,1,1,0
MLB8071601400,1,treatment,0,1,1,0
MLB10552652460,1,treatment,0,1,0,0
MLB410511337100,2,treatment,0,1,1,1
MLB1735665390,1,treatment,0,1,1,0
MLB2016148970,1,treatment,0,1,1,0
MLB45078059810,2,treatment,0,1,1,1
MLB410651636320,2,treatment,0,1,1,1
MLB2683679600,1,treatment,0,1,1,0
MLB410505012520,2,treatment,0,1,1,1
MLB5854579410,1,treatment,0,1,1,0
MLB10514768760,1,treatment,0,1,0,0
MLB10585675640,1,treatment,0,1,1,0
MLB10273162750,1,treatment,0,1,1,0
MLB410611212922,2,treatment,0,1,1,1
MLB10585675640,1,treatment,0,1,1,0
MLB2316767570,1,treatment,0,1,1,0
MLB2280754010,1,treatment,0,1,1,0
MLB10605131400,1,treatment,0,1,1,0
MLB10098871410,1,treatment,0,1,1,0
MLB10405074360,1,treatment,0,1,1,0
MLB10405074360,1,treatment,0,1,1,0
MLB7382891700,1,treatment,0,1,1,0
MLB10510053550,1,treatment,0,1,1,0
MLB10226951430,1,treatment,0,1,1,0
MLB410614829650,2,treatment,0,1,1,1
MLB10523177420,1,treatment,0,1,1,0
MLB10523177420,1,treatment,0,1,1,0
MLB410578275000,2,treatment,0,1,1,1
MLB10654631680,1,treatment,0,1,1,0
MLB7679112000,1,treatment,0,1,1,0
MLB10656165050,1,treatment,0,1,1,0
MLB410542856680,2,treatment,0,1,0,1
MLB2779317330,1,treatment,0,1,0,0
MLB10664088530,1,treatment,0,1,0,0
MLB7100346650,1,treatment,0,1,1,0
MLB7453621570,1,treatment,0,1,1,0
MLB10494418500-1,1,treatment,0,1,1,0
MLB10595848950,1,treatment,0,1,1,0
MLB10511337100,1,control,0,1,1,0
MLB410597144322,2,treatment,0,1,1,1
MLB48022732310,2,treatment,0,1,1,1
MLB4949421940,1,treatment,0,1,0,0
MLB10651636320,1,treatment,0,1,1,0
MLB10558557150,1,treatment,0,1,1,0
MLB10542953110,1,treatment,0,1,0,0
MLB10608536990,1,treatment,0,1,1,0
MLB10562323840-1,1,treatment,0,1,1,0
MLB10542368450,1,treatment,0,1,1,0
MLB7986941990,1,treatment,0,1,1,0
MLB7301155590,1,treatment,0,1,1,0
MLB410522340770,2,treatment,0,1,1,1
MLB10573174080,1,treatment,0,1,0,0
MLB10590408970,1,treatment,0,1,1,0
MLB6387902490,1,treatment,0,1,1,0
MLB4837748260,1,treatment,0,1,1,0
MLB10664596910-1,1,treatment,0,1,1,0
MLB8358573860,1,treatment,0,1,1,0
MLB7986941990,1,treatment,0,1,1,0
MLB6383392710,1,treatment,0,1,1,0
MLB10514358860,1,treatment,0,1,1,0
MLB10646057230,1,treatment,0,1,1,0
MLB2411634090,1,treatment,0,1,0,0
MLB10099922620,1,treatment,0,1,1,0
MLB6753616340,1,treatment,0,1,0,0
MLB6993497390,1,treatment,0,1,1,0
MLB6820134400,1,treatment,0,1,1,0
MLB4530536580,1,treatment,1,1,0,0
MLB10494472000,1,treatment,0,1,1,0
MLB410573865650,2,treatment,0,1,1,1
MLB2274271190,1,treatment,0,1,1,0
MLB7813511270,1,treatment,0,1,1,0
MLB10548723180,1,treatment,0,1,1,0
MLB5157262920,1,treatment,0,1,1,0
MLB10609870780,1,control,0,1,1,0
MLB410453103620,2,treatment,0,1,0,1
MLB410663766840,2,treatment,0,1,1,1
MLB41662089410,2,treatment,0,1,0,1
MLB1419389610,1,control,1,1,0,0
MLB10364583030,1,treatment,0,1,1,0
MLB10584963730,1,treatment,0,1,1,0
MLB7354875930,1,treatment,0,1,0,0
MLB7927630990,1,treatment,0,1,0,0
MLB10569013830,1,treatment,0,1,1,0
MLB10590500260,1,control,0,1,0,0
MLB4255995290,1,treatment,0,1,1,0
MLB1789469200,1,treatment,0,1,0,0
MLB47812653590,2,treatment,0,1,1,1
MLB10654234110,1,treatment,0,1,1,0
MLB10487789670,1,treatment,0,1,0,0
MLB410664596910,2,treatment,0,1,1,1
MLB49149503530,2,treatment,0,1,1,1
MLB47616565720,2,treatment,0,1,0,1
MLB2414280880,1,treatment,0,1,0,0
MLB10561525300,1,treatment,0,1,1,0
MLB10575300350,1,treatment,0,1,0,0
MLB6712321060,1,treatment,0,1,1,0
MLB1825502610,1,treatment,0,1,0,0
MLB10563317980,1,treatment,0,1,0,0
MLB10565056080,1,treatment,0,1,1,0
MLB410523177420,2,treatment,0,1,1,1
MLB10002487550,1,treatment,0,1,1,0
MLB8330873600-1,1,treatment,0,1,0,0
MLB6641775850,1,treatment,0,1,1,0
MLB3115376560,1,treatment,0,1,0,0
MLB1410048540,1,treatment,0,1,1,0
MLB41284689122,2,treatment,0,1,1,1
MLB10598239540,1,control,0,1,1,0
MLB1759940070,1,treatment,0,1,1,0
MLB410405074322,2,treatment,0,1,1,1
MLB2978146550,1,treatment,0,1,1,0
MLB10609779950,1,treatment,0,1,1,0
MLB10506859650,1,treatment,0,1,1,0
MLB10530898860,1,treatment,0,1,1,0
MLB10611083600,1,treatment,0,1,1,0
MLB10535722320,1,treatment,0,1,1,0
MLB1836210320,1,treatment,0,1,1,0
MLB47453621570,2,treatment,0,1,1,1
MLB10640012380,1,treatment,0,1,1,0
MLB10613337310,1,treatment,0,1,1,0
MLB10039161340,1,treatment,0,1,0,0
MLB8407598470,1,treatment,0,1,1,0
MLB2826171210,1,treatment,0,1,0,0
MLB10644630540,1,treatment,0,1,1,0
MLB10523959270,1,treatment,0,1,1,0
MLB47156185610,2,treatment,0,1,0,1
MLB10060913780,1,treatment,0,1,1,0
MLB10641889030,1,treatment,0,1,1,0
MLB3245255260,1,treatment,0,1,1,0
MLB3837569220,1,treatment,0,1,1,0
MLB410641624590,2,treatment,0,1,1,1
MLB10617095480,1,treatment,0,1,1,0
MLB6767805510,1,treatment,0,1,1,0
MLB7255936330,1,treatment,0,1,1,0
MLB10620325410,1,treatment,0,1,1,0
MLB10620325410,1,treatment,0,1,1,0
MLB10580445050,1,treatment,0,1,1,0
MLB4093238390,1,treatment,0,1,1,0
MLB42445581820,2,treatment,0,1,1,1
MLB10651939500,1,treatment,0,1,0,0
MLB537349290,1,treatment,0,1,1,0
MLB2669733480,1,control,0,1,1,0
MLB6782295330,1,treatment,0,1,1,0
MLB8111308930,1,treatment,0,1,1,0
MLB5943830080,1,treatment,0,1,1,0
MLB46462219720,2,treatment,0,1,1,1
MLB5943830080,1,treatment,0,1,1,0
MLB10581770900,1,treatment,0,1,1,0
MLB10610948120,1,treatment,0,1,1,0
MLB1796745990,1,treatment,0,1,0,0
MLB7882911280-1,1,treatment,0,1,0,0
MLB10635624670,1,treatment,0,1,1,0
MLB10538654020,1,treatment,0,1,0,0
MLB10549287030,1,treatment,0,1,1,0
MLB10590043220,1,treatment,0,1,0,0
MLB1036816120,1,treatment,0,1,1,0
MLB10436991950,1,treatment,0,1,0,0
MLB548009100,1,treatment,0,1,0,0
MLB44828629020,2,treatment,0,1,1,1
MLB410497347320,2,control,0,1,0,1
MLB1665096380,1,treatment,0,1,0,0
MLB10107617870,1,treatment,0,1,1,0
MLB10534876540,1,treatment,0,1,1,0
MLB2937672040,1,treatment,0,1,1,0
MLB10657701500,1,treatment,0,1,1,0
MLB7879185320,1,treatment,0,1,1,0
MLB10576474600,1,treatment,0,1,1,0
MLB5305434040,1,treatment,0,1,0,0
MLB10590429150,1,treatment,0,1,1,0
MLB10631337900,1,treatment,0,1,1,0
MLB10561573360,1,treatment,0,1,1,0
MLB10511617420,1,treatment,0,1,1,0
MLB7376427400,1,treatment,0,1,1,0
MLB10648834610,1,treatment,0,1,1,0
MLB3787266550,1,treatment,0,1,1,0
MLB410522111140,2,treatment,0,1,1,1
MLB6758902770,1,treatment,0,1,1,0
MLB6965356690,1,treatment,0,1,1,0
MLB1662152840,1,treatment,0,1,1,0
MLB10650987520,1,treatment,0,1,1,0
MLB10511617420,1,treatment,0,1,1,0
MLB2438237160,1,treatment,0,1,1,0
MLB10648893600-1,1,treatment,0,1,1,0
MLB6538973270,1,treatment,0,1,0,0
MLB10641167180,1,treatment,0,1,1,0
MLB410617853180,2,treatment,0,1,1,1
MLB7311513030,1,treatment,0,1,1,0
MLB2521773590,1,control,0,1,1,0
MLB10549250320,1,treatment,0,1,1,0
MLB410568129780,2,treatment,0,1,1,1
MLB7983948010,1,treatment,0,1,1,0
MLB10643975480,1,treatment,0,1,1,0
MLB10527419850,1,treatment,0,1,1,0
MLB4046414580,1,treatment,0,1,0,0
MLB10574383200,1,treatment,0,1,1,0
MLB4202829860,1,treatment,0,1,0,0
MLB10607282080,1,treatment,0,1,1,0
MLB10568005510,1,treatment,0,1,1,0
MLB78263680,1,treatment,0,1,0,0
MLB10650541270,1,treatment,0,1,1,0
MLB10604903980,1,treatment,0,1,1,0
MLB6275395860,1,treatment,0,1,1,0
MLB44741217540,2,treatment,0,1,1,1
MLB2785418690,1,treatment,0,1,1,0
MLB42197809130,2,treatment,0,1,0,1
MLB7463356840,1,treatment,0,1,1,0
MLB48404322380,2,treatment,0,1,1,1
MLB10598860270,1,treatment,0,1,1,0
MLB2202479180,1,treatment,0,1,1,0
MLB3657945910,1,treatment,0,1,1,0
MLB2408558400,1,treatment,0,1,0,0
MLB1158114870,1,treatment,0,1,1,0
MLB8106260350,1,treatment,0,1,1,0
MLB410630198100,2,treatment,0,1,1,1
MLB10610030670,1,treatment,0,1,1,0
MLB10514953510,1,treatment,0,1,1,0
MLB5767769020,1,treatment,0,1,1,0
MLB410580359110,2,treatment,0,1,1,1
MLB2298021700,1,treatment,0,1,0,0
MLB10598640960,1,treatment,0,1,1,0
MLB10492545680,1,treatment,0,1,1,0
MLB2823229990,1,treatment,0,1,1,0
MLB2298021700,1,treatment,0,1,0,0
MLB7314283620,1,treatment,0,1,1,0
MLB4568373170,1,treatment,0,1,1,0
MLB10656707620,1,treatment,0,1,1,0
MLB10598640960,1,treatment,0,1,1,0
MLB10609951120-1,1,treatment,0,1,1,0
MLB2658433150,1,treatment,0,1,0,0
MLB10638395520,1,treatment,0,1,1,0
MLB10602730580,1,treatment,0,1,1,0
MLB10054909210,1,treatment,0,1,0,0
MLB5258640550,1,treatment,0,1,0,0
MLB10612837540,1,treatment,0,1,1,0
MLB5316138650,1,treatment,1,1,0,0
MLB10497716740,1,treatment,0,1,1,0
MLB10524060680,1,treatment,0,1,0,0
MLB10520987720,1,treatment,0,1,1,0
MLB3088032520-1,1,treatment,0,1,1,0
MLB410652680480,2,treatment,0,1,1,1
MLB10495216430,1,treatment,0,1,1,0
MLB10607220560,1,treatment,0,1,1,0
MLB10558204500,1,treatment,0,1,1,0
MLB7861117360,1,treatment,0,1,1,0
MLB10664369300-1,1,treatment,0,1,1,0
MLB10555601280,1,treatment,0,1,1,0
MLB10612948920,1,treatment,0,1,1,0
MLB6929554670,1,treatment,0,1,0,0
MLB7813965430,1,treatment,0,1,1,0
MLB4034995240,1,control,0,1,1,0
MLB10604649770,1,treatment,0,1,1,0
MLB10522111140-1,1,treatment,0,1,1,0
MLB410640120820,2,control,0,1,1,1
MLB410533862970,2,control,0,1,1,1
MLB10657874420,1,treatment,0,1,1,0
MLB1202916090,1,treatment,0,1,1,0
MLB7460765780,1,treatment,0,1,0,0
MLB10656917630,1,treatment,0,1,0,0
MLB410562911920,2,treatment,0,1,1,1
MLB2420581460,1,control,0,1,0,0
MLB410541777630,2,treatment,0,1,1,1
MLB10573868850,1,treatment,0,1,1,0
MLB4941261340,1,treatment,0,1,1,0
MLB1928563800,1,treatment,0,1,1,0
MLB3350248620,1,control,0,1,0,0
MLB10555069280,1,treatment,0,1,1,0
MLB10573326290,1,treatment,0,1,0,0
MLB1491084700,1,treatment,0,1,1,0
MLB10530710730,1,treatment,0,1,1,0
MLB10661411860,1,treatment,0,1,1,0
MLB3837569220-1,1,treatment,0,1,1,0
MLB6029903300,1,treatment,0,1,1,0
MLB47562911280,2,treatment,0,1,0,1
MLB410647858090,2,treatment,0,1,1,1
MLB10643795670,1,treatment,0,1,1,0
MLB8168132600,1,treatment,0,1,0,0
MLB10641929200,1,treatment,0,1,1,0
MLB42824718700,2,treatment,0,1,1,1
MLB5647897580,1,treatment,0,1,1,0
MLB5647897580,1,treatment,0,1,1,0
MLB46563189080,2,treatment,0,1,0,1
MLB5647897580,1,control,0,1,1,0
MLB5647897580,1,control,0,1,1,0
MLB10640153230,1,treatment,0,1,0,0
MLB4325237210,1,treatment,0,1,1,0
MLB5720286050,1,treatment,0,1,1,0
MLB10640558990,1,treatment,0,1,1,0
